metabolites_ID,microbes_ID,"edge_types (2 represents intake, 3 represents secretion and 5 represents intake and secretion)"
2001,896,2
2001,832,2
2001,831,2
2001,600,3
2001,571,3
2001,570,5
2001,436,3
2001,435,3
2001,350,2
2001,115,3
2002,1221,2
2003,1106,2
2003,1105,2
2003,1104,2
2003,1103,2
2003,1102,2
2003,835,2
2003,832,2
2003,831,2
2003,134,3
2004,977,2
2004,831,2
2004,586,3
2004,304,2
2004,157,3
2004,134,3
2005,835,2
2005,831,5
2005,586,3
2005,585,3
2005,570,3
2005,560,3
2005,295,3
2005,294,3
2005,293,3
2006,325,3
2006,324,3
2006,303,3
2007,964,2
2007,963,2
2007,877,2
2007,469,2
2007,388,2
2007,1221,2
2008,860,2
2008,324,3
2008,76,2
2009,1221,2
2010,963,2
2010,600,2
2010,587,2
2010,304,2
2010,298,2
2010,157,2
2011,898,3
2011,896,3
2011,602,3
2011,585,3
2011,450,3
2011,350,2
2011,1221,2
2011,324,3
2011,309,3
2011,303,3
2011,298,2
2011,157,3
2011,155,3
2011,149,3
2011,115,2
2011,75,2
2011,44,2
2012,325,3
2012,324,3
2012,309,3
2012,303,3
2013,1221,2
2014,1201,2
2014,1197,2
2014,1169,3
2014,1168,3
2014,1167,3
2014,1144,3
2014,1106,3
2014,1105,3
2014,1104,3
2014,1103,3
2014,1102,3
2014,1087,3
2014,1069,3
2014,1068,3
2014,1067,3
2014,1066,3
2014,1065,3
2014,1064,3
2014,1063,3
2014,1062,3
2014,1061,3
2014,1060,3
2014,1059,3
2014,1058,3
2014,1057,3
2014,1056,3
2014,1055,3
2014,1054,3
2014,1053,3
2014,1052,3
2014,1050,3
2014,1049,3
2014,1048,3
2014,1047,3
2014,1046,3
2014,1045,3
2014,1044,3
2014,1043,3
2014,1000,3
2014,987,3
2014,986,3
2014,985,3
2014,984,3
2014,969,3
2014,968,3
2014,966,3
2014,965,3
2014,964,3
2014,963,3
2014,953,2
2014,952,2
2014,916,3
2014,910,3
2014,899,2
2014,895,3
2014,884,3
2014,883,3
2014,881,3
2014,880,3
2014,879,3
2014,878,3
2014,877,3
2014,876,3
2014,875,3
2014,874,3
2014,873,3
2014,872,3
2014,871,3
2014,870,3
2014,869,3
2014,868,3
2014,867,3
2014,866,3
2014,865,3
2014,864,3
2014,840,3
2014,839,3
2014,835,3
2014,832,3
2014,831,3
2014,820,3
2014,814,3
2014,813,3
2014,796,3
2014,750,3
2014,749,3
2014,748,3
2014,747,3
2014,746,3
2014,745,3
2014,744,3
2014,743,3
2014,742,3
2014,741,3
2014,740,3
2014,739,3
2014,738,3
2014,737,3
2014,736,3
2014,735,3
2014,734,3
2014,733,3
2014,732,3
2014,731,3
2014,730,3
2014,714,3
2014,687,2
2014,686,2
2014,685,2
2014,684,2
2014,683,2
2014,682,5
2014,681,2
2014,671,2
2014,663,2
2014,662,2
2014,654,3
2014,653,3
2014,652,3
2014,608,3
2014,607,3
2014,606,3
2014,605,3
2014,604,3
2014,603,3
2014,602,3
2014,601,3
2014,600,3
2014,599,3
2014,598,3
2014,597,3
2014,596,3
2014,595,3
2014,594,3
2014,593,3
2014,592,3
2014,591,3
2014,590,3
2014,589,3
2014,588,3
2014,587,3
2014,586,3
2014,585,3
2014,584,3
2014,583,3
2014,582,3
2014,581,3
2014,570,5
2014,551,3
2014,522,2
2014,520,2
2014,498,2
2014,497,2
2014,496,5
2014,495,2
2014,494,2
2014,481,5
2014,470,3
2014,469,3
2014,464,5
2014,461,2
2014,460,5
2014,459,2
2014,458,2
2014,457,5
2014,456,5
2014,455,2
2014,454,2
2014,453,2
2014,451,3
2014,450,3
2014,449,3
2014,441,3
2014,440,3
2014,439,3
2014,438,3
2014,437,3
2014,421,3
2014,420,3
2014,411,3
2014,409,2
2014,403,5
2014,402,5
2014,401,5
2014,400,5
2014,399,5
2014,398,5
2014,397,5
2014,396,2
2014,395,2
2014,394,2
2014,388,5
2014,339,5
2014,338,3
2014,337,5
2014,333,2
2014,1221,2
2014,328,3
2014,327,3
2014,326,3
2014,325,3
2014,324,3
2014,323,3
2014,322,3
2014,321,3
2014,320,3
2014,319,3
2014,318,3
2014,317,3
2014,316,3
2014,315,3
2014,314,3
2014,313,5
2014,312,3
2014,311,3
2014,310,3
2014,309,3
2014,308,3
2014,307,3
2014,306,3
2014,305,3
2014,304,3
2014,303,3
2014,302,3
2014,301,3
2014,300,3
2014,299,3
2014,298,3
2014,295,3
2014,294,3
2014,293,3
2014,260,3
2014,216,5
2014,215,5
2014,214,5
2014,162,3
2014,159,3
2014,158,3
2014,157,3
2014,156,3
2014,155,3
2014,154,3
2014,153,3
2014,152,3
2014,151,3
2014,150,3
2014,149,3
2014,137,3
2014,136,3
2014,135,3
2014,134,3
2014,133,3
2014,132,3
2014,131,3
2014,130,3
2014,129,3
2014,128,3
2014,127,3
2014,126,3
2014,125,3
2014,124,3
2014,123,3
2014,122,3
2014,121,3
2014,120,3
2014,119,3
2014,115,3
2014,96,3
2014,95,3
2014,94,3
2014,83,3
2014,76,3
2014,75,5
2014,34,3
2014,33,3
2014,32,3
2014,31,3
2014,30,3
2014,9,3
2014,6,3
2014,5,3
2014,4,3
2014,3,3
2015,832,2
2015,831,2
2015,600,3
2016,1221,2
2016,328,3
2016,327,3
2016,326,3
2016,325,3
2016,324,3
2016,323,3
2016,322,3
2016,321,3
2016,320,3
2016,319,3
2016,318,3
2016,317,3
2016,316,3
2016,315,3
2016,314,3
2016,313,3
2016,312,3
2016,311,3
2016,310,3
2016,309,3
2016,308,3
2016,307,3
2016,306,3
2016,305,3
2016,304,3
2016,303,3
2016,302,3
2016,301,3
2016,300,3
2016,299,3
2016,298,3
2016,115,3
2017,1221,2
2018,1221,2
2019,1077,3
2019,1027,2
2019,1007,2
2019,1006,2
2019,977,3
2019,964,2
2019,896,2
2019,886,2
2019,884,3
2019,877,2
2019,862,2
2019,812,2
2019,726,3
2019,723,2
2019,659,3
2019,631,3
2019,601,3
2019,590,2
2019,570,5
2019,450,5
2019,381,2
2019,346,2
2019,1221,2
2019,157,3
2019,153,3
2019,152,3
2019,136,2
2019,134,2
2019,126,2
2019,124,2
2019,115,2
2019,109,3
2020,17,2
2020,16,2
2022,37,2
2023,963,2
2023,215,2
2024,1221,2
2025,1221,2
2027,1221,2
2028,566,3
2028,503,3
2028,1221,2
2029,496,2
2030,1106,2
2030,1104,2
2030,698,2
2030,570,2
2030,496,2
2031,496,2
2032,346,2
2032,194,2
2033,698,2
2033,684,2
2033,681,2
2033,450,2
2033,5,2
2034,964,2
2034,832,2
2034,663,2
2034,388,2
2034,1221,3
2034,126,2
2035,1064,2
2035,1046,2
2035,1027,2
2035,964,2
2035,963,2
2035,934,2
2035,925,2
2035,923,2
2035,807,2
2035,806,2
2035,632,2
2035,629,2
2035,587,2
2035,581,2
2035,469,2
2035,450,3
2035,381,2
2035,1221,2
2035,327,2
2035,324,2
2035,304,2
2035,303,2
2035,298,2
2035,194,2
2035,189,2
2035,186,2
2035,182,2
2035,157,3
2035,152,3
2035,149,3
2035,145,3
2035,115,2
2036,1106,2
2036,1105,2
2036,1104,2
2036,1103,2
2036,1102,2
2036,835,2
2036,832,2
2036,831,2
2036,714,2
2036,496,2
2036,301,3
2036,298,3
2036,159,2
2037,157,3
2037,134,3
2037,129,3
2038,1106,2
2038,1105,2
2038,1104,2
2038,1103,2
2038,1102,2
2038,1087,3
2038,953,3
2038,952,3
2038,877,2
2038,838,3
2038,837,3
2038,835,2
2038,832,3
2038,796,3
2038,654,3
2038,496,2
2038,484,3
2038,483,3
2038,482,3
2038,481,3
2038,480,3
2038,479,3
2038,464,3
2038,461,3
2038,460,3
2038,459,3
2038,458,3
2038,457,3
2038,456,3
2038,455,3
2038,454,3
2038,453,3
2038,438,3
2038,403,2
2038,402,2
2038,401,2
2038,400,2
2038,399,2
2038,398,2
2038,397,2
2038,396,2
2038,395,2
2038,394,2
2038,384,2
2038,339,3
2038,338,3
2038,337,3
2038,1221,2
2038,328,3
2038,327,3
2038,326,3
2038,325,3
2038,324,3
2038,323,3
2038,322,3
2038,321,3
2038,320,3
2038,319,3
2038,318,3
2038,317,3
2038,316,3
2038,315,3
2038,314,3
2038,313,3
2038,312,3
2038,311,3
2038,310,3
2038,309,3
2038,308,3
2038,307,3
2038,306,3
2038,305,3
2038,304,3
2038,303,3
2038,302,3
2038,301,3
2038,300,3
2038,299,3
2038,298,3
2038,260,3
2038,216,3
2038,215,3
2038,214,3
2038,157,3
2038,137,3
2038,136,3
2038,135,3
2038,134,3
2038,133,3
2038,132,3
2038,131,3
2038,130,3
2038,129,3
2038,128,3
2038,127,3
2038,126,3
2038,125,3
2038,124,3
2038,123,3
2038,122,3
2038,121,3
2038,120,3
2038,119,3
2038,76,3
2038,75,3
2038,71,3
2038,70,3
2038,69,3
2038,68,3
2038,67,3
2038,9,3
2040,450,3
2040,436,3
2040,322,3
2040,236,3
2041,1104,2
2041,313,3
2041,17,2
2041,16,2
2042,714,2
2042,689,2
2042,688,2
2042,684,2
2042,683,2
2042,682,2
2042,1221,2
2042,83,2
2042,5,2
2043,1091,2
2043,1087,2
2043,1046,2
2043,968,2
2043,965,2
2043,963,2
2043,952,2
2043,916,2
2043,877,2
2043,870,2
2043,812,2
2043,653,2
2043,652,2
2043,625,2
2043,624,2
2043,623,2
2043,570,2
2043,551,2
2043,471,2
2043,469,2
2043,460,2
2043,457,2
2043,339,2
2043,331,2
2043,330,2
2043,329,2
2043,328,2
2043,306,2
2043,298,2
2043,260,2
2043,216,2
2043,215,2
2043,162,2
2043,153,2
2043,149,2
2043,137,2
2043,135,2
2043,134,2
2043,129,2
2043,76,2
2043,39,2
2043,37,2
2043,28,2
2043,3,2
2044,916,2
2044,469,2
2044,328,2
2044,153,2
2046,632,3
2046,600,3
2046,597,3
2046,594,3
2046,592,3
2046,586,3
2046,585,3
2046,581,3
2046,450,2
2046,323,2
2046,320,5
2046,314,2
2046,312,2
2046,311,2
2046,157,3
2046,153,3
2046,152,3
2046,151,3
2046,149,3
2046,136,3
2046,134,2
2046,128,2
2046,126,5
2048,1221,2
2049,632,3
2049,600,3
2049,597,3
2049,594,3
2049,592,3
2049,586,3
2049,585,3
2049,581,3
2049,450,2
2049,323,2
2049,320,5
2049,314,2
2049,312,2
2049,311,2
2049,157,3
2049,153,3
2049,152,3
2049,151,3
2049,149,3
2049,136,3
2049,134,2
2049,128,2
2049,126,5
2050,1059,2
2050,831,2
2050,1221,2
2052,698,2
2052,17,2
2052,16,2
2052,9,2
2053,600,2
2053,570,2
2053,1221,2
2053,39,2
2053,38,2
2053,17,2
2053,16,2
2053,9,2
2053,7,2
2055,1220,3
2055,1169,3
2055,1152,2
2055,1144,3
2055,1134,3
2055,1106,5
2055,1104,5
2055,1102,3
2055,1091,3
2055,1069,3
2055,1068,3
2055,1067,3
2055,1066,3
2055,1065,3
2055,1064,3
2055,1063,3
2055,1062,3
2055,1061,3
2055,1060,3
2055,1059,3
2055,1058,3
2055,1057,3
2055,1056,3
2055,1055,3
2055,1054,3
2055,1053,3
2055,1052,3
2055,1050,3
2055,1049,3
2055,1048,3
2055,1047,3
2055,1046,3
2055,1045,3
2055,1044,3
2055,1043,3
2055,1000,3
2055,965,5
2055,963,3
2055,952,3
2055,911,3
2055,896,5
2055,884,3
2055,883,3
2055,860,3
2055,840,3
2055,839,3
2055,835,5
2055,832,2
2055,820,3
2055,804,3
2055,750,3
2055,749,3
2055,748,3
2055,747,3
2055,746,3
2055,745,3
2055,744,3
2055,743,3
2055,742,3
2055,741,3
2055,740,3
2055,739,3
2055,738,3
2055,737,3
2055,736,3
2055,735,3
2055,734,3
2055,733,3
2055,732,3
2055,731,3
2055,730,3
2055,702,3
2055,691,2
2055,689,2
2055,687,2
2055,686,2
2055,684,5
2055,683,5
2055,682,5
2055,681,5
2055,679,2
2055,673,2
2055,672,2
2055,671,2
2055,666,2
2055,663,2
2055,662,2
2055,661,2
2055,652,3
2055,629,3
2055,628,3
2055,627,3
2055,626,3
2055,607,3
2055,606,3
2055,605,3
2055,604,3
2055,603,3
2055,602,3
2055,601,3
2055,600,3
2055,599,3
2055,598,3
2055,597,3
2055,596,3
2055,595,3
2055,594,3
2055,593,3
2055,592,3
2055,591,3
2055,590,3
2055,589,3
2055,588,3
2055,587,3
2055,586,3
2055,585,3
2055,584,3
2055,583,3
2055,582,3
2055,581,3
2055,571,3
2055,570,3
2055,558,2
2055,541,3
2055,497,3
2055,496,3
2055,469,5
2055,464,3
2055,461,3
2055,460,3
2055,459,3
2055,458,3
2055,457,5
2055,456,3
2055,455,3
2055,454,3
2055,453,3
2055,451,3
2055,450,3
2055,449,3
2055,420,3
2055,409,3
2055,403,5
2055,402,2
2055,401,2
2055,400,2
2055,399,2
2055,398,2
2055,397,2
2055,388,2
2055,387,2
2055,339,3
2055,1221,5
2055,328,3
2055,327,3
2055,326,3
2055,325,3
2055,324,3
2055,323,3
2055,322,3
2055,321,3
2055,320,3
2055,319,3
2055,318,3
2055,317,3
2055,316,3
2055,315,3
2055,314,3
2055,313,3
2055,312,3
2055,311,3
2055,310,3
2055,309,3
2055,308,3
2055,307,3
2055,306,3
2055,305,3
2055,304,3
2055,303,3
2055,302,3
2055,301,3
2055,300,3
2055,299,3
2055,298,3
2055,287,2
2055,229,2
2055,216,3
2055,215,3
2055,214,3
2055,162,2
2055,137,5
2055,136,5
2055,135,5
2055,134,5
2055,133,5
2055,132,5
2055,131,5
2055,130,5
2055,129,5
2055,128,5
2055,127,5
2055,126,5
2055,125,5
2055,124,5
2055,123,5
2055,122,5
2055,121,5
2055,120,5
2055,119,5
2055,117,3
2055,116,3
2055,115,3
2055,114,3
2055,113,3
2055,112,3
2055,111,3
2055,110,3
2055,109,3
2055,108,3
2055,107,3
2055,106,3
2055,105,3
2055,104,3
2055,103,3
2055,102,3
2055,101,3
2055,100,3
2055,99,3
2055,98,3
2055,75,3
2055,44,3
2055,13,2
2055,10,2
2055,9,3
2055,5,2
2055,3,3
2056,1104,2
2056,313,2
2058,1221,2
2059,1221,2
2060,1091,2
2060,1089,2
2060,1004,2
2060,968,2
2060,952,2
2060,877,2
2060,870,2
2060,796,2
2060,698,2
2060,653,2
2060,652,2
2060,570,2
2060,551,2
2060,457,2
2060,421,2
2060,338,2
2060,1221,2
2060,298,2
2060,216,2
2060,215,2
2060,137,2
2060,134,2
2060,129,2
2060,39,2
2060,38,2
2060,28,2
2060,17,2
2060,16,2
2061,1091,2
2061,1087,2
2061,1069,2
2061,1064,2
2061,1059,2
2061,964,2
2061,952,2
2061,826,2
2061,796,2
2061,652,2
2061,629,2
2061,607,2
2061,606,2
2061,605,2
2061,604,2
2061,603,2
2061,602,2
2061,601,2
2061,600,2
2061,599,2
2061,598,2
2061,597,2
2061,596,2
2061,595,2
2061,594,2
2061,593,2
2061,592,2
2061,591,2
2061,590,2
2061,589,2
2061,588,2
2061,587,2
2061,586,2
2061,585,2
2061,584,2
2061,583,2
2061,582,2
2061,581,2
2061,551,2
2061,471,2
2061,464,2
2061,460,2
2061,421,2
2061,420,2
2061,339,2
2061,338,2
2061,337,2
2061,1221,2
2061,330,2
2061,309,2
2061,260,2
2061,216,2
2061,215,2
2061,162,2
2061,158,2
2061,157,2
2061,156,2
2061,155,2
2061,154,2
2061,153,2
2061,152,2
2061,151,2
2061,150,2
2061,149,2
2061,137,2
2061,136,2
2061,135,2
2061,134,2
2061,133,2
2061,132,2
2061,131,2
2061,130,2
2061,129,2
2061,128,2
2061,127,2
2061,126,2
2061,125,2
2061,124,2
2061,123,2
2061,122,2
2061,121,2
2061,120,2
2061,119,2
2061,76,2
2061,75,2
2061,28,2
2061,6,2
2062,450,2
2063,157,2
2063,155,2
2063,154,2
2063,153,2
2063,151,2
2064,1091,2
2064,1089,2
2064,1087,2
2064,969,2
2064,850,2
2064,796,2
2064,698,2
2064,652,2
2064,471,2
2064,450,2
2064,421,2
2064,420,2
2064,338,2
2064,1221,2
2064,330,2
2064,317,2
2064,298,2
2064,260,2
2064,216,2
2064,215,2
2064,162,2
2064,158,2
2064,157,2
2064,156,2
2064,155,2
2064,154,2
2064,153,2
2064,152,2
2064,151,2
2064,150,2
2064,149,2
2064,137,2
2064,134,2
2064,129,2
2064,124,2
2064,76,2
2064,68,2
2064,17,2
2064,16,2
2064,8,2
2064,6,2
2065,471,2
2065,450,2
2065,216,2
2065,136,2
2065,134,2
2065,129,2
2065,126,2
2065,124,2
2066,698,2
2066,570,2
2066,450,2
2066,7,2
2067,471,2
2067,421,2
2067,1221,2
2067,329,2
2067,158,2
2067,157,2
2067,155,2
2067,154,2
2067,153,2
2067,152,2
2067,151,2
2067,136,2
2067,134,2
2067,129,2
2067,126,2
2067,124,2
2068,1220,2
2068,1201,2
2068,1144,2
2068,1134,2
2068,1128,2
2068,1127,2
2068,1126,2
2068,1125,2
2068,1124,2
2068,1091,2
2068,1089,2
2068,1087,2
2068,1057,2
2068,1053,2
2068,1046,2
2068,1013,2
2068,1004,2
2068,987,2
2068,986,2
2068,985,2
2068,984,2
2068,968,2
2068,963,2
2068,952,2
2068,918,2
2068,917,2
2068,916,2
2068,911,2
2068,899,2
2068,896,2
2068,884,2
2068,883,2
2068,877,2
2068,870,2
2068,850,2
2068,839,2
2068,814,2
2068,812,2
2068,796,2
2068,666,2
2068,654,2
2068,653,2
2068,652,2
2068,629,2
2068,625,2
2068,624,2
2068,623,2
2068,600,2
2068,597,2
2068,592,2
2068,583,2
2068,581,2
2068,570,2
2068,551,2
2068,522,2
2068,521,2
2068,520,2
2068,513,2
2068,512,2
2068,481,2
2068,471,2
2068,469,2
2068,464,2
2068,460,2
2068,457,2
2068,456,2
2068,455,2
2068,450,2
2068,438,2
2068,421,2
2068,420,2
2068,401,2
2068,339,2
2068,338,2
2068,1221,2
2068,331,2
2068,330,2
2068,329,2
2068,328,2
2068,324,2
2068,309,2
2068,306,2
2068,304,2
2068,303,2
2068,301,2
2068,298,2
2068,260,2
2068,216,2
2068,215,2
2068,195,2
2068,162,2
2068,161,2
2068,157,2
2068,153,2
2068,152,2
2068,151,2
2068,149,2
2068,137,2
2068,134,2
2068,129,2
2068,126,2
2068,98,2
2068,83,2
2068,76,2
2068,75,2
2068,71,2
2068,70,2
2068,69,2
2068,68,2
2068,67,2
2068,44,2
2068,40,2
2068,38,2
2068,28,2
2068,17,2
2068,16,2
2068,11,2
2068,8,2
2068,6,2
2069,698,2
2069,450,2
2069,216,2
2069,157,2
2069,136,2
2069,134,2
2069,129,2
2069,126,2
2069,124,2
2069,28,2
2070,698,2
2070,1221,2
2070,134,2
2071,1069,2
2071,1068,2
2071,1067,2
2071,1066,2
2071,1065,2
2071,1064,2
2071,1063,2
2071,1062,2
2071,1061,2
2071,1060,2
2071,1059,2
2071,1058,2
2071,1057,2
2071,1056,2
2071,1055,2
2071,1054,2
2071,1053,2
2071,1052,2
2071,1050,2
2071,1049,2
2071,1048,2
2071,1047,2
2071,1046,2
2071,1045,2
2071,1044,2
2071,1043,2
2071,1004,2
2071,726,2
2071,605,2
2071,602,2
2071,601,3
2071,600,2
2071,599,2
2071,592,2
2071,591,5
2071,590,2
2071,587,2
2071,581,2
2071,551,2
2071,337,2
2071,309,2
2071,152,2
2071,137,2
2071,37,2
2071,28,2
2071,17,2
2071,16,2
2072,1091,2
2072,1087,2
2072,1004,2
2072,968,2
2072,839,2
2072,814,2
2072,812,2
2072,796,2
2072,653,2
2072,652,2
2072,624,2
2072,623,2
2072,581,2
2072,551,2
2072,471,2
2072,339,2
2072,1221,2
2072,330,2
2072,329,2
2072,298,2
2072,260,2
2072,216,2
2072,215,2
2072,162,2
2072,145,2
2072,137,2
2072,134,2
2072,129,2
2072,76,2
2072,71,2
2072,70,2
2072,69,2
2072,68,2
2072,67,2
2072,55,2
2072,17,2
2072,8,2
2073,969,2
2073,968,2
2073,967,2
2073,966,2
2073,965,2
2073,964,2
2073,963,2
2073,158,2
2073,157,2
2073,156,2
2073,155,2
2073,154,2
2073,153,2
2073,152,2
2073,151,2
2073,150,2
2073,149,2
2073,137,2
2073,135,2
2073,134,2
2073,129,2
2074,698,2
2074,551,2
2074,450,2
2074,438,2
2074,1221,2
2074,330,2
2074,329,2
2074,153,2
2074,134,2
2074,129,2
2074,17,2
2074,16,2
2075,1007,2
2075,1006,2
2075,1005,2
2075,1004,2
2075,977,2
2075,551,2
2075,421,2
2075,1221,2
2075,309,2
2075,137,2
2075,39,2
2075,28,2
2075,17,2
2075,16,2
2076,602,2
2076,599,2
2076,593,2
2076,591,2
2076,587,2
2076,441,2
2076,440,2
2076,439,2
2076,438,2
2076,437,2
2077,450,2
2078,1087,2
2078,625,2
2078,623,2
2078,76,2
2079,1091,2
2079,1089,2
2079,1004,2
2079,968,2
2079,952,2
2079,877,2
2079,870,2
2079,814,2
2079,812,2
2079,698,2
2079,653,2
2079,652,2
2079,570,2
2079,551,2
2079,522,2
2079,471,2
2079,421,2
2079,338,2
2079,1221,2
2079,298,2
2079,216,2
2079,215,2
2079,157,2
2079,137,2
2079,134,2
2079,129,2
2079,28,2
2079,8,2
2080,726,2
2081,632,3
2081,600,3
2081,597,3
2081,594,3
2081,592,3
2081,586,3
2081,585,3
2081,581,3
2081,323,3
2081,320,3
2081,314,3
2081,312,3
2081,311,3
2081,159,3
2081,157,3
2081,153,3
2081,152,3
2081,151,3
2081,149,3
2081,136,3
2081,134,3
2081,126,3
2082,1144,2
2082,1087,2
2082,964,2
2082,600,2
2082,593,2
2082,591,2
2082,587,2
2082,585,2
2082,581,2
2082,471,2
2082,328,2
2082,327,2
2082,326,2
2082,325,2
2082,324,2
2082,323,2
2082,322,2
2082,321,2
2082,320,2
2082,319,2
2082,318,2
2082,317,2
2082,316,2
2082,315,2
2082,314,2
2082,313,2
2082,312,2
2082,311,2
2082,310,2
2082,309,2
2082,308,2
2082,307,2
2082,306,2
2082,305,2
2082,304,2
2082,303,2
2082,302,2
2082,301,2
2082,300,2
2082,299,2
2082,298,2
2082,216,2
2082,215,2
2082,214,2
2082,158,2
2082,157,2
2082,153,2
2082,149,2
2082,136,2
2082,134,2
2082,133,2
2082,129,2
2082,126,2
2082,119,2
2082,76,2
2083,697,2
2084,682,2
2085,685,2
2085,684,2
2085,683,2
2085,682,2
2085,677,2
2085,464,3
2085,450,3
2085,320,3
2085,157,3
2085,152,3
2085,149,3
2085,134,3
2085,129,3
2085,126,3
2087,1104,2
2088,551,2
2089,1220,3
2089,1106,2
2089,1105,2
2089,1104,2
2089,1103,2
2089,1102,2
2089,1069,3
2089,1068,3
2089,1067,3
2089,1066,3
2089,1065,3
2089,1064,3
2089,1063,3
2089,1062,3
2089,1061,3
2089,1060,3
2089,1059,3
2089,1058,3
2089,1057,3
2089,1056,3
2089,1055,3
2089,1054,3
2089,1053,3
2089,1052,3
2089,1050,3
2089,1049,3
2089,1048,3
2089,1047,3
2089,1046,3
2089,1045,3
2089,1044,3
2089,1043,3
2089,969,3
2089,964,3
2089,963,3
2089,896,3
2089,835,2
2089,832,2
2089,831,5
2089,714,2
2089,663,2
2089,629,3
2089,628,3
2089,627,3
2089,626,3
2089,608,3
2089,607,3
2089,606,3
2089,605,3
2089,604,3
2089,603,3
2089,602,3
2089,601,3
2089,600,3
2089,599,3
2089,598,3
2089,597,3
2089,596,3
2089,595,3
2089,594,3
2089,593,3
2089,592,3
2089,591,3
2089,590,3
2089,589,3
2089,588,3
2089,587,3
2089,586,3
2089,585,3
2089,584,3
2089,583,3
2089,582,3
2089,581,3
2089,570,3
2089,498,2
2089,497,2
2089,496,2
2089,495,2
2089,494,2
2089,460,3
2089,456,2
2089,451,3
2089,450,3
2089,449,3
2089,421,3
2089,420,3
2089,403,2
2089,402,2
2089,401,2
2089,400,2
2089,399,2
2089,398,2
2089,397,2
2089,395,2
2089,388,2
2089,339,3
2089,331,3
2089,330,3
2089,329,3
2089,328,3
2089,327,3
2089,326,3
2089,325,3
2089,324,3
2089,323,3
2089,322,3
2089,321,3
2089,320,3
2089,319,3
2089,318,3
2089,317,3
2089,316,3
2089,315,3
2089,314,3
2089,313,5
2089,312,3
2089,311,3
2089,310,3
2089,309,3
2089,308,3
2089,307,3
2089,306,3
2089,305,3
2089,304,3
2089,303,3
2089,302,3
2089,301,3
2089,300,3
2089,299,3
2089,298,3
2089,162,3
2089,159,2
2089,158,3
2089,157,3
2089,156,3
2089,155,3
2089,154,3
2089,153,3
2089,152,3
2089,151,3
2089,150,3
2089,149,3
2089,134,3
2089,98,3
2089,44,3
2089,4,2
2089,3,3
2090,831,2
2090,570,2
2090,16,2
2091,1067,3
2091,1057,2
2091,734,2
2091,608,5
2091,601,3
2091,600,3
2091,592,2
2091,591,3
2091,587,5
2091,585,3
2091,581,3
2091,450,3
2091,438,3
2091,1221,2
2091,327,2
2091,318,2
2091,158,3
2091,157,3
2091,155,3
2091,154,3
2091,153,3
2091,152,3
2091,151,5
2091,149,3
2091,145,3
2092,1061,3
2092,1027,3
2092,900,2
2092,896,3
2092,698,2
2092,697,2
2092,570,3
2092,450,3
2092,438,3
2093,1197,2
2093,1176,3
2093,1106,3
2093,1105,3
2093,1104,3
2093,1103,3
2093,1102,3
2093,1007,3
2093,1006,3
2093,1005,3
2093,1004,3
2093,1000,2
2093,977,3
2093,969,3
2093,968,3
2093,966,3
2093,965,3
2093,964,3
2093,953,3
2093,952,3
2093,934,3
2093,918,2
2093,899,2
2093,835,3
2093,831,3
2093,804,3
2093,714,2
2093,698,2
2093,697,2
2093,694,2
2093,690,2
2093,689,2
2093,688,2
2093,687,2
2093,686,2
2093,682,3
2093,678,2
2093,675,2
2093,674,2
2093,673,2
2093,672,2
2093,671,2
2093,670,2
2093,663,2
2093,662,2
2093,652,2
2093,608,3
2093,600,3
2093,587,3
2093,570,2
2093,497,2
2093,469,3
2093,464,3
2093,461,3
2093,460,3
2093,459,3
2093,458,3
2093,457,3
2093,456,3
2093,455,3
2093,454,3
2093,453,3
2093,451,3
2093,450,3
2093,449,3
2093,421,3
2093,420,3
2093,403,5
2093,402,2
2093,401,2
2093,400,2
2093,399,2
2093,398,2
2093,397,2
2093,385,3
2093,384,2
2093,339,3
2093,331,3
2093,330,3
2093,329,3
2093,328,3
2093,234,2
2093,216,3
2093,215,3
2093,214,3
2093,162,2
2093,159,2
2093,158,3
2093,157,3
2093,156,3
2093,155,3
2093,154,3
2093,153,3
2093,152,3
2093,151,3
2093,150,3
2093,149,3
2093,136,3
2093,134,3
2093,133,3
2093,119,3
2093,96,3
2093,95,3
2093,94,3
2093,75,3
2093,5,2
2094,964,2
2094,953,2
2094,952,2
2094,600,2
2094,593,2
2094,587,2
2094,581,2
2094,469,2
2094,464,2
2094,457,2
2094,421,2
2094,339,2
2094,338,2
2094,304,2
2094,216,2
2094,215,2
2094,158,2
2094,157,2
2094,153,2
2094,152,2
2094,151,2
2094,149,2
2094,135,2
2094,134,2
2094,129,2
2094,126,2
2094,75,2
2097,726,2
2097,503,2
2098,1004,2
2098,884,2
2098,832,2
2098,831,2
2098,727,2
2098,698,2
2098,602,2
2098,601,2
2098,599,2
2098,590,2
2098,587,2
2098,586,2
2098,585,2
2098,581,2
2098,570,2
2098,560,2
2098,403,2
2098,402,2
2098,401,2
2098,400,2
2098,399,2
2098,398,2
2098,397,2
2098,1221,2
2098,304,2
2098,295,2
2098,294,2
2098,293,2
2098,159,2
2098,137,2
2099,632,2
2099,600,2
2099,597,2
2099,594,2
2099,592,2
2099,586,2
2099,585,2
2099,581,2
2099,1223,3
2099,320,2
2099,157,2
2099,153,2
2099,152,2
2099,151,2
2099,149,2
2099,126,2
2100,714,2
2100,632,2
2100,600,2
2100,597,2
2100,594,2
2100,592,2
2100,586,2
2100,585,2
2100,581,2
2100,1223,3
2100,320,2
2100,157,2
2100,153,2
2100,152,2
2100,151,2
2100,149,2
2100,126,2
2101,632,2
2101,600,2
2101,597,2
2101,594,2
2101,592,2
2101,586,2
2101,585,2
2101,581,2
2101,320,2
2101,157,2
2101,153,2
2101,152,2
2101,151,2
2101,149,2
2101,126,2
2102,1103,2
2102,714,2
2103,632,2
2103,600,2
2103,594,2
2103,592,2
2103,586,2
2103,585,2
2103,581,2
2103,320,2
2103,157,2
2103,153,2
2103,152,2
2103,151,2
2103,149,2
2104,1103,2
2104,714,2
2105,1221,2
2106,1221,2
2107,1197,2
2107,1169,3
2107,1144,3
2107,1106,3
2107,1104,3
2107,1102,3
2107,1020,2
2107,969,3
2107,968,3
2107,967,3
2107,966,3
2107,965,3
2107,964,3
2107,963,3
2107,952,3
2107,917,3
2107,916,3
2107,915,3
2107,860,3
2107,835,3
2107,831,3
2107,796,3
2107,691,2
2107,690,2
2107,689,2
2107,688,2
2107,687,2
2107,686,2
2107,685,2
2107,684,2
2107,683,2
2107,682,2
2107,681,2
2107,679,2
2107,678,2
2107,675,2
2107,674,2
2107,673,2
2107,672,2
2107,671,2
2107,670,2
2107,667,2
2107,666,2
2107,665,2
2107,664,2
2107,663,2
2107,662,2
2107,652,2
2107,558,2
2107,497,5
2107,496,3
2107,461,3
2107,460,3
2107,459,3
2107,458,3
2107,457,3
2107,456,5
2107,455,3
2107,454,3
2107,453,3
2107,452,3
2107,450,3
2107,441,3
2107,440,3
2107,439,3
2107,438,3
2107,437,3
2107,420,3
2107,403,5
2107,402,2
2107,401,2
2107,400,2
2107,399,2
2107,398,2
2107,397,2
2107,388,2
2107,339,3
2107,337,3
2107,331,3
2107,330,3
2107,329,3
2107,328,3
2107,327,3
2107,326,3
2107,325,3
2107,324,3
2107,323,3
2107,322,3
2107,321,3
2107,320,3
2107,319,3
2107,318,3
2107,317,3
2107,316,3
2107,315,3
2107,314,3
2107,313,3
2107,312,3
2107,311,3
2107,310,3
2107,309,3
2107,308,3
2107,307,3
2107,306,3
2107,305,3
2107,304,3
2107,303,3
2107,302,3
2107,301,3
2107,300,3
2107,299,3
2107,298,3
2107,234,2
2107,229,2
2107,216,3
2107,215,3
2107,214,3
2107,162,2
2107,161,2
2107,159,2
2107,157,3
2107,137,3
2107,136,3
2107,135,3
2107,134,3
2107,133,3
2107,132,3
2107,131,3
2107,130,3
2107,129,3
2107,128,3
2107,127,3
2107,126,3
2107,125,3
2107,124,3
2107,123,3
2107,122,3
2107,121,3
2107,120,3
2107,119,3
2107,117,3
2107,116,3
2107,115,3
2107,114,3
2107,113,3
2107,112,3
2107,111,3
2107,110,3
2107,109,3
2107,108,3
2107,107,3
2107,106,3
2107,105,3
2107,104,3
2107,103,3
2107,102,3
2107,101,3
2107,100,3
2107,99,3
2107,75,3
2107,54,3
2107,9,3
2107,5,2
2107,3,3
2108,1069,3
2108,1068,3
2108,1067,3
2108,1066,3
2108,1065,3
2108,1064,3
2108,1063,3
2108,1062,3
2108,1061,3
2108,1060,3
2108,1059,3
2108,1058,3
2108,1057,3
2108,1056,3
2108,1055,3
2108,1054,3
2108,1053,3
2108,1052,3
2108,1050,3
2108,1049,3
2108,1048,3
2108,1047,3
2108,1046,3
2108,1045,3
2108,1044,3
2108,1043,3
2108,1221,2
2109,1130,3
2109,1102,3
2109,1000,3
2109,910,3
2109,796,3
2109,683,2
2109,403,3
2109,402,3
2109,401,3
2109,400,3
2109,399,3
2109,398,3
2109,397,3
2109,396,3
2109,395,3
2109,394,3
2109,393,3
2109,392,3
2109,391,3
2109,390,3
2109,389,3
2109,388,3
2109,387,3
2109,385,3
2109,384,3
2109,229,3
2109,228,3
2109,159,3
2109,84,3
2109,83,3
2109,76,3
2109,9,3
2109,7,3
2111,1221,2
2111,320,3
2114,838,3
2114,837,3
2114,796,3
2114,458,3
2114,450,3
2114,403,2
2114,402,2
2114,401,2
2114,400,2
2114,399,2
2114,398,2
2114,397,2
2114,1221,2
2114,324,3
2114,76,3
2114,71,3
2114,67,3
2114,55,3
2114,54,3
2115,450,5
2115,1221,2
2115,325,3
2115,324,3
2115,303,3
2116,1221,2
2116,76,2
2117,806,2
2117,570,2
2117,551,2
2117,421,2
2117,1221,2
2118,159,2
2119,965,2
2119,964,2
2119,963,2
2119,910,3
2119,877,5
2119,839,3
2119,796,3
2119,496,2
2119,469,2
2119,1221,2
2119,325,3
2119,260,3
2119,216,2
2119,215,2
2119,214,2
2119,162,3
2119,134,3
2119,75,3
2119,54,3
2119,17,2
2119,16,2
2120,157,2
2120,153,2
2120,149,2
2121,301,3
2122,1027,3
2122,965,2
2122,964,2
2122,910,3
2122,877,5
2122,839,3
2122,796,3
2122,496,2
2122,387,2
2122,1221,2
2122,325,3
2122,216,2
2122,215,2
2122,214,2
2122,162,3
2122,134,3
2122,129,3
2122,75,3
2122,54,3
2122,17,2
2122,16,2
2122,7,2
2123,7,2
2125,1046,2
2125,698,2
2125,457,3
2125,1221,2
2125,324,2
2125,309,2
2125,303,2
2125,145,2
2125,61,2
2126,570,2
2126,1221,2
2126,28,2
2126,17,2
2126,16,2
2127,1099,2
2127,1064,2
2127,838,2
2127,837,2
2127,470,2
2127,438,2
2127,350,3
2127,1221,2
2127,327,2
2127,324,2
2127,320,2
2127,309,2
2127,303,2
2127,145,2
2127,71,2
2127,70,2
2127,69,2
2127,68,2
2127,37,2
2128,965,2
2128,963,2
2128,877,2
2128,469,2
2128,381,2
2128,1221,2
2128,5,2
2129,1099,2
2129,1064,2
2129,698,2
2129,481,2
2129,457,2
2129,350,3
2129,1221,2
2129,327,2
2129,324,2
2129,322,2
2129,320,2
2129,309,2
2129,303,2
2129,145,2
2129,61,2
2129,5,2
2130,1221,2
2131,964,2
2131,877,2
2131,812,2
2131,481,2
2131,469,2
2131,1221,2
2131,136,2
2131,134,2
2131,126,2
2132,1087,2
2132,968,2
2132,966,2
2132,953,2
2132,454,2
2132,158,2
2132,157,2
2132,153,2
2132,136,2
2132,134,2
2132,129,2
2132,126,2
2132,17,2
2132,16,2
2133,1064,2
2133,835,3
2133,570,2
2133,481,2
2133,457,3
2133,450,2
2133,381,2
2133,350,3
2133,346,2
2133,1221,2
2133,145,2
2133,61,2
2133,37,2
2133,9,2
2133,5,2
2134,1046,2
2134,963,2
2134,877,2
2134,835,3
2134,481,2
2134,469,2
2134,457,5
2134,450,2
2134,381,2
2134,1221,2
2134,327,2
2134,324,2
2134,303,2
2134,145,2
2135,1064,2
2135,910,2
2135,457,2
2135,1221,2
2135,327,2
2135,324,2
2135,309,2
2135,303,2
2136,1064,2
2136,838,2
2136,837,2
2136,481,2
2136,470,2
2136,450,2
2136,1221,2
2136,327,2
2136,309,2
2136,303,2
2136,145,3
2136,71,2
2136,69,2
2136,17,2
2136,16,2
2136,5,2
2137,145,2
2138,450,2
2139,1221,2
2140,1064,2
2140,450,2
2140,1221,2
2140,324,2
2140,309,2
2140,303,2
2140,145,2
2140,61,2
2141,1193,3
2141,1169,2
2141,1168,2
2141,1167,2
2141,1106,2
2141,1104,2
2141,1102,2
2141,1087,3
2141,1069,3
2141,1068,3
2141,1067,3
2141,1066,3
2141,1065,3
2141,1064,3
2141,1063,3
2141,1062,3
2141,1061,3
2141,1060,3
2141,1059,3
2141,1058,3
2141,1057,3
2141,1056,3
2141,1055,3
2141,1054,3
2141,1053,3
2141,1052,3
2141,1050,3
2141,1049,3
2141,1048,3
2141,1047,3
2141,1046,3
2141,1045,3
2141,1044,3
2141,1043,3
2141,1036,3
2141,1035,3
2141,1034,3
2141,1033,3
2141,1032,3
2141,1031,3
2141,1030,3
2141,1029,3
2141,1028,3
2141,1027,3
2141,1000,2
2141,987,2
2141,986,2
2141,985,2
2141,984,2
2141,969,3
2141,968,3
2141,965,3
2141,964,3
2141,953,3
2141,952,5
2141,896,2
2141,884,2
2141,883,2
2141,835,2
2141,832,2
2141,827,3
2141,826,3
2141,797,3
2141,714,2
2141,698,2
2141,654,2
2141,653,3
2141,652,3
2141,629,3
2141,628,3
2141,627,3
2141,626,3
2141,625,3
2141,624,3
2141,623,3
2141,608,3
2141,607,3
2141,606,3
2141,605,3
2141,604,3
2141,603,3
2141,602,3
2141,601,3
2141,600,5
2141,599,3
2141,598,3
2141,597,3
2141,596,3
2141,595,3
2141,594,3
2141,593,3
2141,592,3
2141,591,3
2141,590,3
2141,589,3
2141,588,3
2141,587,3
2141,586,5
2141,585,5
2141,584,3
2141,583,3
2141,582,3
2141,581,3
2141,551,3
2141,513,2
2141,512,2
2141,481,3
2141,469,3
2141,464,3
2141,461,3
2141,460,3
2141,459,3
2141,458,3
2141,457,3
2141,456,5
2141,455,5
2141,454,3
2141,453,3
2141,451,3
2141,450,3
2141,449,3
2141,441,3
2141,440,3
2141,439,3
2141,438,3
2141,437,3
2141,420,3
2141,403,2
2141,402,2
2141,401,5
2141,400,2
2141,399,2
2141,398,2
2141,397,2
2141,395,2
2141,388,2
2141,339,3
2141,338,3
2141,337,5
2141,333,2
2141,1221,2
2141,331,3
2141,330,3
2141,329,3
2141,320,3
2141,313,2
2141,306,3
2141,260,3
2141,216,3
2141,215,3
2141,214,3
2141,162,3
2141,161,3
2141,159,2
2141,158,3
2141,157,3
2141,156,3
2141,155,3
2141,154,3
2141,153,3
2141,152,3
2141,151,3
2141,150,3
2141,149,3
2141,134,3
2141,129,3
2141,126,5
2141,96,3
2141,95,3
2141,94,3
2141,75,2
2141,41,2
2141,38,2
2141,34,3
2141,33,3
2141,32,3
2141,31,3
2141,30,3
2141,5,2
2141,4,2
2142,1064,2
2142,877,2
2142,838,2
2142,470,2
2142,450,2
2142,1221,2
2142,327,2
2142,324,2
2142,309,2
2142,303,2
2142,195,3
2142,145,2
2142,134,2
2142,71,2
2142,70,2
2142,61,2
2143,1064,2
2143,796,2
2143,481,2
2143,350,3
2143,1221,2
2143,327,2
2143,303,2
2143,145,2
2144,1201,2
2144,1169,2
2144,1102,2
2144,933,2
2144,925,2
2144,923,2
2144,896,2
2144,835,3
2144,698,2
2144,570,2
2144,450,2
2144,434,2
2144,403,2
2144,350,2
2144,1221,2
2144,327,3
2144,159,2
2144,115,2
2144,76,2
2145,1064,2
2145,877,2
2145,812,2
2145,481,2
2145,381,2
2145,1221,2
2145,327,2
2145,324,2
2145,309,2
2145,303,2
2145,195,3
2145,145,3
2145,136,2
2145,134,2
2145,126,2
2145,61,2
2145,6,2
2146,457,2
2146,438,3
2146,1221,2
2146,320,3
2147,1064,2
2147,838,2
2147,1221,2
2147,327,2
2147,325,2
2147,324,2
2147,309,2
2147,303,2
2147,145,2
2147,134,2
2148,839,2
2148,698,2
2148,1221,2
2148,325,2
2148,324,2
2148,309,2
2148,303,2
2149,1087,2
2149,968,2
2149,870,2
2149,812,2
2149,551,2
2149,329,2
2149,216,2
2149,215,2
2149,137,2
2149,134,2
2149,129,2
2149,38,2
2150,1221,2
2151,1046,2
2151,883,2
2151,698,2
2151,481,2
2151,381,2
2151,1221,2
2151,327,2
2151,324,2
2151,314,2
2151,309,2
2151,303,2
2151,76,2
2152,570,2
2153,1046,2
2153,481,2
2153,450,3
2153,1221,2
2153,327,2
2153,324,2
2153,309,2
2153,303,2
2153,145,2
2153,17,2
2153,16,2
2154,963,2
2154,796,2
2154,469,2
2154,1221,2
2154,327,2
2154,325,2
2154,324,2
2154,309,2
2154,303,2
2154,195,5
2154,145,2
2154,115,2
2154,17,2
2154,16,2
2155,1064,2
2155,1221,2
2155,327,2
2155,325,2
2155,324,2
2155,309,2
2155,303,2
2155,145,2
2155,134,2
2155,7,2
2156,1064,2
2156,450,2
2156,1221,2
2156,309,2
2156,145,2
2156,134,2
2156,76,2
2156,61,2
2157,1087,2
2157,1069,2
2157,1068,2
2157,1067,2
2157,1066,2
2157,1065,2
2157,1064,2
2157,1063,2
2157,1062,2
2157,1061,2
2157,1060,2
2157,1059,2
2157,1058,2
2157,1057,2
2157,1056,2
2157,1055,2
2157,1054,2
2157,1053,2
2157,1052,2
2157,1050,2
2157,1049,2
2157,1048,2
2157,1047,2
2157,1046,2
2157,1045,2
2157,1044,2
2157,1043,2
2157,884,2
2157,870,2
2157,826,2
2157,814,2
2157,812,2
2157,796,2
2157,653,2
2157,652,2
2157,629,2
2157,625,2
2157,624,2
2157,623,2
2157,605,2
2157,602,2
2157,601,2
2157,599,2
2157,597,2
2157,593,2
2157,592,2
2157,590,2
2157,587,2
2157,457,2
2157,450,2
2157,441,2
2157,440,2
2157,439,2
2157,438,2
2157,437,2
2157,436,2
2157,435,2
2157,421,2
2157,420,2
2157,339,2
2157,338,2
2157,331,2
2157,329,2
2157,260,2
2157,216,2
2157,215,2
2157,214,2
2157,162,2
2157,161,2
2157,158,2
2157,157,2
2157,156,2
2157,155,2
2157,154,2
2157,153,2
2157,152,2
2157,151,2
2157,150,2
2157,149,2
2157,137,2
2157,68,2
2157,67,2
2157,39,2
2157,28,2
2158,963,2
2158,953,2
2158,952,2
2158,1221,2
2158,216,2
2158,215,2
2158,158,3
2158,153,3
2159,632,3
2159,600,3
2159,594,3
2159,592,3
2159,586,3
2159,585,3
2159,581,3
2159,323,3
2159,320,3
2159,314,3
2159,312,3
2159,311,3
2159,157,3
2159,153,3
2159,152,3
2159,151,3
2159,149,3
2159,134,3
2159,126,3
2160,7,2
2161,1144,2
2161,1091,2
2161,1087,2
2161,1053,2
2161,1046,2
2161,968,2
2161,964,2
2161,952,2
2161,916,2
2161,870,2
2161,814,2
2161,653,2
2161,652,2
2161,625,2
2161,624,2
2161,623,2
2161,471,2
2161,457,2
2161,450,2
2161,421,2
2161,420,2
2161,401,2
2161,339,2
2161,338,2
2161,331,2
2161,329,2
2161,260,2
2161,216,2
2161,215,2
2161,214,2
2161,162,2
2161,157,2
2161,149,2
2161,137,2
2161,76,2
2162,1087,2
2162,952,2
2162,653,2
2162,623,2
2162,551,2
2162,339,2
2162,137,2
2162,38,2
2163,1036,3
2163,1031,3
2163,1030,3
2163,1028,3
2163,1027,3
2163,883,2
2163,873,2
2163,868,3
2163,862,2
2163,727,3
2163,726,3
2163,723,2
2163,718,2
2163,608,3
2163,513,2
2163,450,3
2163,439,3
2163,438,3
2163,425,3
2163,346,3
2163,1221,2
2163,182,3
2163,157,2
2163,155,2
2163,152,2
2163,149,2
2163,145,2
2163,136,3
2163,134,3
2163,129,3
2163,126,3
2163,115,3
2163,110,3
2163,109,3
2163,103,3
2164,17,2
2164,16,2
2165,816,2
2165,704,2
2165,703,2
2165,702,2
2165,701,2
2165,699,2
2165,697,2
2165,695,2
2165,692,2
2165,691,3
2165,690,3
2165,689,3
2165,688,3
2165,687,3
2165,686,3
2165,685,3
2165,684,3
2165,683,3
2165,682,3
2165,681,3
2165,680,3
2165,679,3
2165,678,3
2165,677,3
2165,676,3
2165,675,3
2165,674,3
2165,673,3
2165,672,3
2165,671,3
2165,670,3
2165,669,3
2165,668,3
2165,667,3
2165,666,3
2165,665,3
2165,664,3
2165,663,3
2165,662,3
2166,918,2
2166,899,2
2166,835,2
2166,831,2
2166,816,2
2166,714,2
2166,705,2
2166,702,2
2166,701,2
2166,698,2
2166,697,2
2166,694,2
2166,693,2
2166,685,2
2166,684,2
2166,683,2
2166,682,2
2166,663,2
2166,570,2
2166,507,2
2166,456,2
2166,450,3
2166,134,3
2167,918,2
2167,899,2
2167,816,2
2167,697,2
2167,694,2
2167,685,2
2167,684,2
2167,683,2
2167,682,2
2167,677,2
2167,676,2
2167,669,2
2167,570,2
2167,464,3
2167,320,3
2167,309,3
2167,152,3
2167,149,3
2170,1222,3
2171,1104,2
2171,1221,2
2172,1087,2
2172,652,2
2172,464,2
2172,134,2
2172,129,2
2172,76,2
2173,1087,2
2173,76,2
2174,134,2
2174,129,2
2175,966,2
2175,604,2
2175,600,2
2175,481,2
2175,464,2
2175,421,2
2175,420,2
2175,309,2
2175,134,2
2175,76,2
2176,933,2
2176,926,2
2176,925,2
2176,923,2
2176,922,2
2176,903,3
2176,902,3
2176,901,3
2176,900,3
2176,899,3
2176,898,3
2176,897,3
2176,896,3
2176,807,2
2176,785,2
2176,702,2
2176,698,2
2176,660,2
2176,659,2
2176,658,2
2176,570,2
2176,497,2
2176,496,2
2176,477,2
2176,476,2
2176,434,2
2176,304,2
2176,206,2
2176,147,2
2176,117,3
2176,116,3
2176,115,3
2176,114,3
2176,113,3
2176,112,3
2176,111,3
2176,110,3
2176,109,3
2176,108,3
2176,107,3
2176,106,3
2176,105,3
2176,104,3
2176,103,3
2176,102,3
2176,101,3
2176,100,3
2176,99,3
2176,98,2
2176,97,2
2176,65,2
2176,64,2
2176,44,2
2178,1207,2
2178,1197,3
2178,1165,3
2178,1164,3
2178,1152,2
2178,1069,3
2178,1068,3
2178,1067,3
2178,1066,3
2178,1065,3
2178,1064,3
2178,1063,3
2178,1062,3
2178,1061,3
2178,1060,3
2178,1059,3
2178,1058,3
2178,1057,3
2178,1056,3
2178,1055,3
2178,1054,3
2178,1053,3
2178,1052,3
2178,1050,3
2178,1049,3
2178,1048,3
2178,1047,3
2178,1046,5
2178,1045,3
2178,1044,3
2178,1043,3
2178,965,2
2178,964,2
2178,963,2
2178,933,3
2178,926,3
2178,925,3
2178,923,3
2178,922,3
2178,903,3
2178,902,3
2178,901,3
2178,900,3
2178,899,3
2178,898,3
2178,897,3
2178,896,5
2178,887,3
2178,886,3
2178,877,5
2178,840,3
2178,839,3
2178,812,2
2178,807,3
2178,785,3
2178,781,2
2178,780,2
2178,779,2
2178,778,2
2178,777,2
2178,776,2
2178,775,2
2178,750,3
2178,749,3
2178,748,3
2178,747,3
2178,746,3
2178,745,3
2178,744,3
2178,743,3
2178,742,3
2178,741,3
2178,740,3
2178,739,3
2178,738,3
2178,737,3
2178,736,3
2178,735,3
2178,734,3
2178,733,3
2178,732,3
2178,731,3
2178,730,3
2178,706,3
2178,702,2
2178,671,3
2178,663,2
2178,660,3
2178,659,3
2178,658,3
2178,571,3
2178,570,3
2178,541,3
2178,496,3
2178,481,3
2178,477,3
2178,476,3
2178,469,2
2178,464,3
2178,450,3
2178,439,3
2178,438,3
2178,436,3
2178,435,3
2178,434,3
2178,403,2
2178,401,5
2178,1221,2
2178,328,3
2178,327,3
2178,326,3
2178,325,3
2178,324,3
2178,323,3
2178,322,3
2178,321,3
2178,320,3
2178,319,3
2178,318,3
2178,317,3
2178,316,3
2178,315,3
2178,314,3
2178,313,3
2178,312,3
2178,311,3
2178,310,3
2178,309,3
2178,308,3
2178,307,3
2178,306,3
2178,305,3
2178,304,3
2178,303,3
2178,302,3
2178,301,3
2178,300,3
2178,299,3
2178,298,3
2178,229,3
2178,215,3
2178,195,2
2178,159,3
2178,147,3
2178,137,2
2178,136,5
2178,135,2
2178,134,5
2178,133,2
2178,132,2
2178,131,2
2178,130,2
2178,129,5
2178,128,2
2178,127,2
2178,126,5
2178,125,2
2178,124,2
2178,123,2
2178,122,2
2178,121,2
2178,120,2
2178,119,2
2178,115,3
2178,98,3
2178,97,3
2178,65,3
2178,64,3
2178,44,3
2178,9,3
2179,1064,2
2179,1046,2
2179,1027,2
2179,1007,2
2179,1005,2
2179,806,2
2179,762,2
2179,629,2
2179,587,2
2179,570,2
2179,450,5
2179,381,2
2179,346,2
2179,1221,2
2179,327,2
2179,194,2
2179,189,2
2179,186,2
2179,145,3
2180,1197,2
2180,1152,2
2180,1097,2
2180,993,2
2180,955,2
2180,918,2
2180,913,2
2180,911,2
2180,903,2
2180,902,2
2180,901,2
2180,900,2
2180,899,2
2180,898,2
2180,897,2
2180,896,2
2180,816,2
2180,774,3
2180,773,3
2180,772,3
2180,765,2
2180,761,2
2180,727,2
2180,715,2
2180,714,2
2180,705,2
2180,570,2
2180,568,2
2180,563,2
2180,554,2
2180,497,2
2180,496,2
2180,492,2
2180,450,2
2180,383,2
2180,350,2
2180,289,2
2180,229,2
2180,227,2
2180,181,2
2180,159,2
2180,117,2
2180,116,2
2180,115,2
2180,114,2
2180,113,2
2180,112,2
2180,111,2
2180,110,2
2180,109,2
2180,108,2
2180,107,2
2180,106,2
2180,105,2
2180,104,2
2180,103,2
2180,102,2
2180,101,2
2180,100,2
2180,99,2
2180,49,2
2180,44,2
2180,17,2
2180,16,2
2180,7,2
2181,781,3
2181,780,3
2181,779,3
2181,778,3
2181,777,3
2181,776,3
2181,775,3
2181,1221,2
2182,774,2
2182,773,2
2182,772,2
2183,1221,2
2184,447,2
2184,346,2
2184,1221,2
2184,327,2
2185,587,2
2185,1221,2
2186,804,2
2186,714,2
2187,1169,2
2188,496,2
2188,1221,2
2188,309,3
2189,1104,2
2189,1221,2
2190,1069,2
2190,1068,2
2190,1067,2
2190,1066,2
2190,1065,2
2190,1064,2
2190,1063,2
2190,1062,2
2190,1061,2
2190,1060,2
2190,1059,2
2190,1058,2
2190,1057,2
2190,1056,2
2190,1055,2
2190,1054,2
2190,1053,2
2190,1052,2
2190,1050,2
2190,1049,2
2190,1048,2
2190,1047,2
2190,1046,2
2190,1045,2
2190,1044,2
2190,1043,2
2190,964,2
2190,806,2
2190,762,2
2190,750,2
2190,749,2
2190,748,2
2190,747,2
2190,746,2
2190,745,2
2190,744,2
2190,743,2
2190,742,2
2190,741,2
2190,740,2
2190,739,2
2190,738,2
2190,737,2
2190,736,2
2190,735,2
2190,734,2
2190,733,2
2190,732,2
2190,731,2
2190,730,2
2190,629,2
2190,608,2
2190,607,2
2190,606,2
2190,605,2
2190,604,2
2190,603,2
2190,602,2
2190,601,2
2190,600,2
2190,599,2
2190,598,2
2190,597,2
2190,596,2
2190,595,2
2190,594,2
2190,593,2
2190,592,2
2190,591,2
2190,590,2
2190,589,2
2190,588,2
2190,587,2
2190,586,2
2190,585,2
2190,584,2
2190,583,2
2190,582,2
2190,581,2
2190,346,2
2190,1221,2
2190,328,2
2190,327,2
2190,326,2
2190,325,2
2190,324,2
2190,323,2
2190,322,2
2190,321,2
2190,320,2
2190,319,2
2190,318,2
2190,317,2
2190,316,2
2190,315,2
2190,314,2
2190,313,2
2190,312,2
2190,311,2
2190,310,2
2190,309,2
2190,308,2
2190,307,2
2190,306,2
2190,305,2
2190,304,2
2190,303,2
2190,302,2
2190,301,2
2190,300,2
2190,299,2
2190,298,2
2190,194,2
2190,189,2
2190,186,2
2190,145,3
2192,1104,2
2193,835,2
2193,450,3
2194,496,2
2194,403,2
2194,402,2
2194,401,2
2194,400,2
2194,399,2
2194,398,2
2194,397,2
2194,1221,2
2195,910,3
2195,698,2
2195,496,2
2195,1221,2
2195,325,3
2195,303,3
2195,134,3
2196,157,3
2196,134,3
2196,129,3
2197,1221,2
2198,934,2
2198,346,2
2198,17,2
2198,16,2
2200,304,3
2201,1169,3
2201,1168,3
2201,1167,3
2201,1106,2
2201,1105,2
2201,1104,5
2201,1103,2
2201,1102,2
2201,987,3
2201,986,3
2201,985,3
2201,984,3
2201,977,3
2201,968,3
2201,953,3
2201,952,3
2201,910,3
2201,884,3
2201,883,3
2201,881,3
2201,880,3
2201,879,3
2201,878,3
2201,877,5
2201,876,3
2201,875,3
2201,874,3
2201,873,3
2201,872,3
2201,871,3
2201,870,3
2201,869,3
2201,868,3
2201,867,3
2201,866,3
2201,865,3
2201,864,3
2201,860,3
2201,835,2
2201,832,3
2201,796,3
2201,654,3
2201,653,3
2201,496,2
2201,469,3
2201,464,3
2201,457,3
2201,438,3
2201,411,3
2201,403,2
2201,402,2
2201,401,2
2201,400,2
2201,399,2
2201,398,2
2201,397,2
2201,388,5
2201,338,3
2201,337,3
2201,333,2
2201,1221,2
2201,325,3
2201,320,3
2201,313,3
2201,216,2
2201,215,2
2201,214,2
2201,157,3
2201,137,3
2201,136,3
2201,135,3
2201,134,3
2201,133,3
2201,132,3
2201,131,3
2201,130,3
2201,129,3
2201,128,3
2201,127,3
2201,126,3
2201,125,3
2201,124,3
2201,123,3
2201,122,3
2201,121,3
2201,120,3
2201,119,3
2201,75,3
2201,54,3
2201,9,3
2202,977,3
2202,953,3
2202,835,2
2202,832,2
2202,831,2
2202,714,2
2202,496,2
2202,313,2
2202,159,2
2203,1151,3
2203,1126,3
2203,1091,3
2203,896,2
2203,581,3
2203,450,3
2203,436,3
2203,1221,2
2203,322,3
2203,236,3
2203,134,3
2203,129,3
2203,126,3
2204,1067,3
2204,1017,3
2204,1007,2
2204,964,2
2204,963,2
2204,806,2
2204,762,2
2204,629,2
2204,608,2
2204,593,3
2204,590,2
2204,587,2
2204,450,2
2204,438,2
2204,434,3
2204,1221,2
2204,327,2
2204,157,3
2204,153,3
2204,152,3
2204,149,3
2204,145,3
2204,115,3
2205,1201,2
2205,1169,2
2205,1102,2
2205,1000,2
2205,916,2
2205,915,2
2205,835,2
2205,832,2
2205,714,2
2205,684,2
2205,683,2
2205,682,2
2205,496,2
2205,420,2
2205,403,2
2205,402,2
2205,401,2
2205,400,2
2205,399,2
2205,398,2
2205,397,2
2205,1221,2
2205,306,3
2205,298,2
2205,162,2
2205,159,2
2205,134,3
2205,76,2
2205,37,2
2205,5,2
2206,1087,2
2206,968,2
2206,952,2
2206,870,2
2206,814,2
2206,812,2
2206,653,2
2206,652,2
2206,623,2
2206,581,2
2206,570,2
2206,551,2
2206,457,2
2206,339,2
2206,338,2
2206,329,2
2206,309,2
2206,216,2
2206,215,2
2206,162,2
2206,161,2
2206,158,2
2206,157,2
2206,156,2
2206,155,2
2206,154,2
2206,153,2
2206,152,2
2206,151,2
2206,150,2
2206,149,2
2206,137,2
2206,134,2
2206,126,2
2206,69,2
2206,67,2
2206,55,2
2206,38,2
2207,1221,2
2208,1221,2
2209,1221,2
2210,1067,2
2210,1064,2
2210,1063,2
2210,964,2
2210,884,3
2210,806,2
2210,666,3
2210,632,2
2210,629,5
2210,608,5
2210,600,5
2210,593,2
2210,591,3
2210,590,2
2210,587,2
2210,581,2
2210,570,3
2210,464,2
2210,450,3
2210,447,2
2210,1221,2
2210,327,2
2210,195,2
2210,152,2
2210,145,3
2210,115,5
2211,109,2
2212,1151,3
2212,1126,3
2212,877,2
2212,1221,2
2212,322,3
2212,236,5
2212,134,3
2213,1221,2
2213,322,3
2213,236,3
2214,652,2
2214,570,2
2214,309,2
2216,1104,2
2216,384,2
2216,216,3
2217,1201,2
2217,1197,3
2217,1169,2
2217,1087,3
2217,965,3
2217,964,3
2217,925,2
2217,923,2
2217,910,3
2217,896,2
2217,895,3
2217,881,3
2217,880,3
2217,879,3
2217,878,3
2217,877,3
2217,876,3
2217,875,3
2217,874,3
2217,873,3
2217,872,3
2217,871,3
2217,870,3
2217,869,3
2217,868,3
2217,867,3
2217,866,3
2217,865,3
2217,864,3
2217,835,3
2217,814,3
2217,813,3
2217,796,3
2217,653,3
2217,652,3
2217,600,3
2217,570,2
2217,551,3
2217,497,3
2217,469,3
2217,460,3
2217,451,3
2217,450,5
2217,449,3
2217,434,2
2217,403,2
2217,402,2
2217,401,2
2217,400,2
2217,399,2
2217,398,2
2217,397,2
2217,388,2
2217,350,2
2217,1221,2
2217,320,3
2217,313,2
2217,301,3
2217,298,3
2217,162,3
2217,159,2
2217,158,3
2217,157,3
2217,156,3
2217,155,3
2217,154,3
2217,153,3
2217,152,3
2217,151,3
2217,150,3
2217,149,3
2217,137,3
2217,136,3
2217,135,3
2217,134,3
2217,133,3
2217,132,3
2217,131,3
2217,130,3
2217,129,3
2217,128,3
2217,127,3
2217,126,3
2217,125,3
2217,124,3
2217,123,3
2217,122,3
2217,121,3
2217,120,3
2217,119,3
2217,115,2
2217,75,3
2217,55,3
2217,54,3
2217,37,2
2217,28,3
2218,1201,2
2218,1091,2
2218,1087,2
2218,1057,2
2218,1046,2
2218,952,2
2218,870,2
2218,814,2
2218,812,2
2218,652,2
2218,623,2
2218,587,2
2218,570,2
2218,551,2
2218,480,2
2218,457,2
2218,421,2
2218,401,2
2218,339,2
2218,338,2
2218,329,2
2218,301,2
2218,298,2
2218,260,2
2218,216,2
2218,215,2
2218,153,2
2218,137,2
2218,115,2
2219,1198,3
2219,1197,3
2219,1153,3
2219,1152,3
2219,1130,2
2219,1102,2
2219,1092,3
2219,1091,3
2219,1090,3
2219,1089,3
2219,1039,3
2219,964,2
2219,933,3
2219,926,3
2219,925,3
2219,910,2
2219,816,3
2219,697,3
2219,684,2
2219,683,2
2219,682,2
2219,450,2
2219,403,2
2219,402,2
2219,401,2
2219,400,2
2219,399,2
2219,398,2
2219,397,2
2219,396,2
2219,395,2
2219,394,2
2219,393,2
2219,392,2
2219,391,2
2219,390,2
2219,389,2
2219,388,2
2219,387,2
2219,385,2
2219,384,2
2219,381,2
2219,1221,2
2219,285,3
2219,284,3
2219,283,3
2219,282,3
2219,281,3
2219,228,2
2219,195,2
2219,159,2
2219,145,2
2219,84,2
2219,83,2
2219,81,3
2219,59,3
2219,12,3
2220,1198,2
2220,1197,2
2220,1153,2
2220,1152,2
2220,1092,2
2220,1091,2
2220,1090,2
2220,1089,2
2220,1039,2
2220,933,2
2220,926,2
2220,925,2
2220,816,2
2220,697,2
2220,285,2
2220,284,2
2220,283,2
2220,282,2
2220,281,2
2220,81,2
2220,59,2
2220,12,2
2221,1221,2
2221,159,2
2222,632,2
2222,600,2
2222,597,2
2222,594,2
2222,592,2
2222,586,2
2222,585,2
2222,581,2
2222,1223,3
2222,320,2
2222,159,2
2222,157,2
2222,153,2
2222,152,2
2222,151,2
2222,149,2
2222,136,2
2222,126,2
2223,632,2
2223,600,2
2223,597,2
2223,594,2
2223,592,2
2223,586,2
2223,585,2
2223,581,2
2223,1223,3
2223,320,2
2223,309,2
2223,159,2
2223,157,2
2223,153,2
2223,152,2
2223,151,2
2223,149,2
2223,136,2
2223,126,2
2224,632,2
2224,600,2
2224,597,2
2224,594,2
2224,592,2
2224,586,2
2224,585,2
2224,581,2
2224,320,2
2224,159,2
2224,157,2
2224,153,2
2224,152,2
2224,151,2
2224,149,2
2224,136,2
2224,126,2
2225,632,2
2225,600,2
2225,594,2
2225,592,2
2225,586,2
2225,585,2
2225,581,2
2225,320,2
2225,159,2
2225,157,2
2225,153,2
2225,152,2
2225,151,2
2225,149,2
2226,1194,3
2226,1067,5
2226,1064,2
2226,1046,2
2226,1027,2
2226,1017,3
2226,1013,2
2226,923,2
2226,806,2
2226,762,2
2226,632,2
2226,629,2
2226,608,2
2226,593,3
2226,587,2
2226,450,5
2226,1221,2
2226,327,2
2226,301,2
2226,194,2
2226,189,2
2226,186,2
2226,157,3
2226,153,3
2226,152,3
2226,145,3
2226,115,2
2227,1102,2
2227,964,2
2227,910,2
2227,450,2
2227,1221,2
2227,159,2
2227,12,2
2228,76,2
2229,1221,2
2230,496,2
2231,1144,2
2231,1091,2
2231,1087,2
2231,1004,2
2231,916,2
2231,814,2
2231,812,2
2231,652,2
2231,551,2
2231,331,2
2231,329,2
2231,216,2
2231,215,2
2231,162,2
2231,153,2
2231,137,2
2231,134,2
2231,129,2
2231,76,2
2231,37,2
2233,1061,3
2233,1059,3
2233,1027,3
2233,896,3
2233,685,2
2233,684,2
2233,683,2
2233,682,2
2233,677,2
2233,570,3
2233,464,3
2233,450,3
2233,438,3
2233,134,3
2233,5,2
2234,464,3
2235,877,2
2235,581,3
2236,602,3
2236,599,3
2236,570,2
2236,439,3
2236,438,3
2236,134,3
2236,129,3
2237,1221,2
2238,1165,2
2238,1164,2
2238,1126,2
2238,887,2
2238,886,2
2238,571,2
2238,570,2
2238,541,2
2238,401,2
2238,1221,3
2238,328,2
2238,327,2
2238,326,2
2238,325,2
2238,324,2
2238,323,2
2238,322,2
2238,321,2
2238,320,2
2238,319,2
2238,318,2
2238,317,2
2238,316,2
2238,315,2
2238,314,2
2238,313,2
2238,312,2
2238,311,2
2238,310,2
2238,309,2
2238,308,2
2238,307,2
2238,306,2
2238,305,2
2238,304,2
2238,303,2
2238,302,2
2238,301,2
2238,300,2
2238,299,2
2238,298,2
2238,158,2
2238,157,2
2238,156,2
2238,155,2
2238,154,2
2238,153,2
2238,152,2
2238,151,2
2238,150,2
2238,149,2
2238,134,3
2238,70,2
2238,69,2
2238,68,2
2238,67,2
2239,1221,2
2239,76,2
2240,1106,2
2240,1105,2
2240,1104,2
2240,1103,2
2240,1102,2
2240,877,2
2240,654,3
2240,496,2
2240,469,2
2240,394,2
2240,1221,2
2240,313,3
2240,216,2
2240,215,2
2240,214,2
2240,134,3
2240,126,3
2240,75,3
2240,7,2
2241,1221,2
2242,953,2
2242,952,2
2242,608,2
2242,600,2
2242,581,2
2242,570,2
2242,457,2
2242,157,2
2242,153,2
2242,149,2
2242,136,2
2242,134,2
2242,126,2
2242,75,2
2243,1057,2
2243,726,3
2243,1221,2